LISTS READ BY SPEAKERS,,,,,,,,,,,,,,,,,,,,,
ARABIC SPEAKER RECOGNITION PROJECT ,,,,,,,,,,,,,,,"Type : A (Arab), NA (Non Arab)",,,,,,
,,,,,,,,,,,,,,,Nationality : International Code,,,,,,
MALE SPEAKERS,,,,,,,,,,,,,,,,,,,,,
,,,,,,,,,,,,,,,,,,,,,
,,,,,,,,,,,,,,,,,,,,,
,,,,,,,,,,,,,,,,,,,,,
,,,,,,1,2,3,4,5,6,7,8,9,10,11,12,13,14,15,16
N,Speaker ID,Order,Type,Nationality,Age(years),1.SAAB sentences_1,1.SAAB sentences_2,2.Fixed Sentences,3.Numbers,4.Common Words_1, 4.Common Words_2,5.Rich Words_1,5.Rich Words_2,7.Paragraph_1,7.Paragraph_2,6.Phonetic_Distinctive Words_1,6.Phonetic_Distinctive Words_2,8.Common_List,9.Random_List,10.Questions_1,10.Questions_2
,,,,,,SB1,SB2,FS0,NM0,CW1,CW2,RW1,RW2,PG1,PG1,PW1,PW2,CL0,RS0,QA1,QA2
1,NS1,1,A,YE,28,SAS_1_1,SAS_2_1,2_FST,3_NUM,4_CWR_1,4_CWR_2,5_RWR_1_1,5_RWR_2_1,6_PAR_1,6_PAR_2,7_PDW_1,7_PDW_2,LST1,LSX1,10_QST_1,10_QST_2
2,NS2,2,A,YE,27,SAS_1_2,SAS_2_2,2_FST,3_NUM,4_CWR_1,4_CWR_2,5_RWR_1_2,5_RWR_2_2,6_PAR_1,6_PAR_2,7_PDW_1,7_PDW_2,LST1,LSX2,10_QST_1,10_QST_2
3,NS3,3,A,YE,31,SAS_1_3,SAS_2_3,2_FST,3_NUM,4_CWR_1,4_CWR_2,5_RWR_1_3,5_RWR_2_3,6_PAR_1,6_PAR_2,7_PDW_1,7_PDW_2,LST1,LSX3,10_QST_1,10_QST_2
4,NS4,4,A,YE,26,SAS_1_4,SAS_2_4,2_FST,3_NUM,4_CWR_1,4_CWR_2,5_RWR_1_4,5_RWR_2_4,6_PAR_1,6_PAR_2,7_PDW_1,7_PDW_2,LST1,LSX1,10_QST_1,10_QST_2
5,NS5,5,A,YE,27,SAS_1_5,SAS_2_5,2_FST,3_NUM,4_CWR_1,4_CWR_2,5_RWR_1_5,5_RWR_2_5,6_PAR_1,6_PAR_2,7_PDW_1,7_PDW_2,LST1,LSX2,10_QST_1,10_QST_2
6,NS6,6,A,YE,24,SAS_1_6,SAS_2_6,2_FST,3_NUM,4_CWR_1,4_CWR_2,5_RWR_1_6,5_RWR_2_6,6_PAR_1,6_PAR_2,7_PDW_1,7_PDW_2,LST1,LSX3,10_QST_1,10_QST_2
7,NS7,7,A,YE,26,SAS_1_7,SAS_2_7,2_FST,3_NUM,4_CWR_1,4_CWR_2,5_RWR_1_7,5_RWR_2_7,6_PAR_1,6_PAR_2,7_PDW_1,7_PDW_2,LST1,LSX1,10_QST_1,10_QST_2
8,NS8,8,A,YE,27,SAS_1_8,SAS_2_8,2_FST,3_NUM,4_CWR_1,4_CWR_2,5_RWR_1_8,5_RWR_2_8,6_PAR_1,6_PAR_2,7_PDW_1,7_PDW_2,LST1,LSX2,10_QST_1,10_QST_2
9,NS9,9,A,YE,31,SAS_1_9,SAS_2_9,2_FST,3_NUM,4_CWR_1,4_CWR_2,5_RWR_1_9,5_RWR_2_9,6_PAR_1,6_PAR_2,7_PDW_1,7_PDW_2,LST1,LSX3,10_QST_1,10_QST_2
10,NS10,10,A,YE,27,SAS_1_10,SAS_2_10,2_FST,3_NUM,4_CWR_1,4_CWR_2,5_RWR_1_10,5_RWR_2_10,6_PAR_1,6_PAR_2,7_PDW_1,7_PDW_2,LST1,LSX1,10_QST_1,10_QST_2
11,NS11,11,A,SY,27,SAS_1_11,SAS_2_11,2_FST,3_NUM,4_CWR_1,4_CWR_2,5_RWR_1_11,5_RWR_2_11,6_PAR_1,6_PAR_2,7_PDW_1,7_PDW_2,LST1,LSX2,10_QST_1,10_QST_2
12,NS12,12,A,EG,26,SAS_1_12,SAS_2_12,2_FST,3_NUM,4_CWR_1,4_CWR_2,5_RWR_1_12,5_RWR_2_12,6_PAR_1,6_PAR_2,7_PDW_1,7_PDW_2,LST1,LSX3,10_QST_1,10_QST_2
13,NS13,13,A,YE,27,SAS_1_13,SAS_2_13,2_FST,3_NUM,4_CWR_1,4_CWR_2,5_RWR_1_13,5_RWR_2_13,6_PAR_1,6_PAR_2,7_PDW_1,7_PDW_2,LST1,LSX1,10_QST_1,10_QST_2
14,NS14,14,A,SY,27,SAS_1_14,SAS_2_14,2_FST,3_NUM,4_CWR_1,4_CWR_2,5_RWR_1_14,5_RWR_2_14,6_PAR_1,6_PAR_2,7_PDW_1,7_PDW_2,LST1,LSX2,10_QST_1,10_QST_2
15,NS15,15,A,YE,31,SAS_1_15,SAS_2_15,2_FST,3_NUM,4_CWR_1,4_CWR_2,5_RWR_1_15,5_RWR_2_15,6_PAR_1,6_PAR_2,7_PDW_1,7_PDW_2,LST1,LSX3,10_QST_1,10_QST_2
16,NS16,16,A,DZ,20,SAS_1_16,SAS_2_16,2_FST,3_NUM,4_CWR_1,4_CWR_2,5_RWR_1_16,5_RWR_2_16,6_PAR_1,6_PAR_2,7_PDW_1,7_PDW_2,LST1,LSX1,10_QST_1,10_QST_2
17,NS17,17,A,SY,20,SAS_1_17,SAS_2_17,2_FST,3_NUM,4_CWR_1,4_CWR_2,5_RWR_1_17,5_RWR_2_17,6_PAR_1,6_PAR_2,7_PDW_1,7_PDW_2,LST1,LSX2,10_QST_1,10_QST_2
18,NS18,18,A,SD,25,SAS_1_18,SAS_2_18,2_FST,3_NUM,4_CWR_1,4_CWR_2,5_RWR_1_18,5_RWR_2_18,6_PAR_1,6_PAR_2,7_PDW_1,7_PDW_2,LST1,LSX3,10_QST_1,10_QST_2
19,NS19,19,A,EG,24,SAS_1_19,SAS_2_19,2_FST,3_NUM,4_CWR_1,4_CWR_2,5_RWR_1_19,5_RWR_2_19,6_PAR_1,6_PAR_2,7_PDW_1,7_PDW_2,LST1,LSX1,10_QST_1,10_QST_2
20,NS20,20,A,YE,45,SAS_1_20,SAS_2_20,2_FST,3_NUM,4_CWR_1,4_CWR_2,5_RWR_1_20,5_RWR_2_20,6_PAR_1,6_PAR_2,7_PDW_1,7_PDW_2,LST1,LSX2,10_QST_1,10_QST_2
21,NS21,21,A,SY,37,SAS_1_21,SAS_2_21,2_FST,3_NUM,4_CWR_1,4_CWR_2,5_RWR_1_21,5_RWR_2_21,6_PAR_1,6_PAR_2,7_PDW_1,7_PDW_2,LST1,LSX3,10_QST_1,10_QST_2
22,NS22,22,A,EG,26,SAS_1_22,SAS_2_22,2_FST,3_NUM,4_CWR_1,4_CWR_2,5_RWR_1_22,5_RWR_2_22,6_PAR_1,6_PAR_2,7_PDW_1,7_PDW_2,LST1,LSX1,10_QST_1,10_QST_2
23,NS23,23,A,EG,40,SAS_1_23,SAS_2_23,2_FST,3_NUM,4_CWR_1,4_CWR_2,5_RWR_1_23,5_RWR_2_23,6_PAR_1,6_PAR_2,7_PDW_1,7_PDW_2,LST1,LSX2,10_QST_1,10_QST_2
24,NS24,24,A,EG,26,SAS_1_24,SAS_2_24,2_FST,3_NUM,4_CWR_1,4_CWR_2,5_RWR_1_24,5_RWR_2_24,6_PAR_1,6_PAR_2,7_PDW_1,7_PDW_2,LST1,LSX3,10_QST_1,10_QST_2
25,NS25,25,A,SY,21,SAS_1_25,SAS_2_25,2_FST,3_NUM,4_CWR_1,4_CWR_2,5_RWR_1_25,5_RWR_2_25,6_PAR_1,6_PAR_2,7_PDW_1,7_PDW_2,LST1,LSX1,10_QST_1,10_QST_2
26,NS26,26,A,TN,20,SAS_1_26,SAS_2_26,2_FST,3_NUM,4_CWR_1,4_CWR_2,5_RWR_1_26,5_RWR_2_26,6_PAR_1,6_PAR_2,7_PDW_1,7_PDW_2,LST1,LSX2,10_QST_1,10_QST_2
27,NS27,27,A,SY,33,SAS_1_27,SAS_2_27,2_FST,3_NUM,4_CWR_1,4_CWR_2,5_RWR_1_27,5_RWR_2_27,6_PAR_1,6_PAR_2,7_PDW_1,7_PDW_2,LST1,LSX3,10_QST_1,10_QST_2
28,NS28,28,A,EG,24,SAS_1_28,SAS_2_28,2_FST,3_NUM,4_CWR_1,4_CWR_2,5_RWR_1_28,5_RWR_2_28,6_PAR_1,6_PAR_2,7_PDW_1,7_PDW_2,LST1,LSX1,10_QST_1,10_QST_2
29,NS29,29,A,EG,26,SAS_1_29,SAS_2_29,2_FST,3_NUM,4_CWR_1,4_CWR_2,5_RWR_1_29,5_RWR_2_29,6_PAR_1,6_PAR_2,7_PDW_1,7_PDW_2,LST1,LSX2,10_QST_1,10_QST_2
30,NS30,30,A,EG,23,SAS_1_30,SAS_2_30,2_FST,3_NUM,4_CWR_1,4_CWR_2,5_RWR_1_30,5_RWR_2_30,6_PAR_1,6_PAR_2,7_PDW_1,7_PDW_2,LST1,LSX3,10_QST_1,10_QST_2
31,NS31,31,A,EG,23,SAS_1_31,SAS_2_31,2_FST,3_NUM,4_CWR_1,4_CWR_2,5_RWR_1_31,5_RWR_2_31,6_PAR_1,6_PAR_2,7_PDW_1,7_PDW_2,LST1,LSX1,10_QST_1,10_QST_2
32,NS32,32,A,YE,27,SAS_1_32,SAS_2_32,2_FST,3_NUM,4_CWR_1,4_CWR_2,5_RWR_1_32,5_RWR_2_32,6_PAR_1,6_PAR_2,7_PDW_1,7_PDW_2,LST1,LSX2,10_QST_1,10_QST_2
33,NS34,34,A,YE,31,SAS_1_34,SAS_2_34,2_FST,3_NUM,4_CWR_1,4_CWR_2,5_RWR_1_34,5_RWR_2_34,6_PAR_1,6_PAR_2,7_PDW_1,7_PDW_2,LST1,LSX1,10_QST_1,10_QST_2
34,NS35,35,A,SY,27,SAS_1_35,SAS_2_35,2_FST,3_NUM,4_CWR_1,4_CWR_2,5_RWR_1_35,5_RWR_2_35,6_PAR_1,6_PAR_2,7_PDW_1,7_PDW_2,LST1,LSX2,10_QST_1,10_QST_2
35,NS36,36,A,EG,21,SAS_1_36,SAS_2_36,2_FST,3_NUM,4_CWR_1,4_CWR_2,5_RWR_1_1,5_RWR_2_1,6_PAR_1,6_PAR_2,7_PDW_1,7_PDW_2,LST1,LSX3,10_QST_1,10_QST_2
36,NS39,39,A,SD,35,SAS_1_39,SAS_2_39,2_FST,3_NUM,4_CWR_1,4_CWR_2,5_RWR_1_4,5_RWR_2_4,6_PAR_1,6_PAR_2,7_PDW_1,7_PDW_2,LST1,LSX1,10_QST_1,10_QST_2
37,NS40,40,A,EG,24,SAS_1_40,SAS_2_40,2_FST,3_NUM,4_CWR_1,4_CWR_2,5_RWR_1_5,5_RWR_2_5,6_PAR_1,6_PAR_2,7_PDW_1,7_PDW_2,LST1,LSX2,10_QST_1,10_QST_2
38,NS41,41,A,LB,22,SAS_1_41,SAS_2_41,2_FST,3_NUM,4_CWR_1,4_CWR_2,5_RWR_1_6,5_RWR_2_6,6_PAR_1,6_PAR_2,7_PDW_1,7_PDW_2,LST1,LSX3,10_QST_1,10_QST_2
39,NS42,42,A,SD,32,SAS_1_42,SAS_2_42,2_FST,3_NUM,4_CWR_1,4_CWR_2,5_RWR_1_7,5_RWR_2_7,6_PAR_1,6_PAR_2,7_PDW_1,7_PDW_2,LST1,LSX1,10_QST_1,10_QST_2
40,NS43,43,A,SY,26,SAS_1_43,SAS_2_43,2_FST,3_NUM,4_CWR_1,4_CWR_2,5_RWR_1_8,5_RWR_2_8,6_PAR_1,6_PAR_2,7_PDW_1,7_PDW_2,LST1,LSX2,10_QST_1,10_QST_2
41,NS44,44,A,SY,27,SAS_1_44,SAS_2_44,2_FST,3_NUM,4_CWR_1,4_CWR_2,5_RWR_1_9,5_RWR_2_9,6_PAR_1,6_PAR_2,7_PDW_1,7_PDW_2,LST1,LSX3,10_QST_1,10_QST_2
42,NS45,45,A,PL,20,SAS_1_45,SAS_2_45,2_FST,3_NUM,4_CWR_1,4_CWR_2,5_RWR_1_10,5_RWR_2_10,6_PAR_1,6_PAR_2,7_PDW_1,7_PDW_2,LST1,LSX1,10_QST_1,10_QST_2
43,NS46,46,A,EG,22,SAS_1_46,SAS_2_46,2_FST,3_NUM,4_CWR_1,4_CWR_2,5_RWR_1_11,5_RWR_2_11,6_PAR_1,6_PAR_2,7_PDW_1,7_PDW_2,LST1,LSX2,10_QST_1,10_QST_2
44,NS47,47,A,DZ,32,SAS_1_47,SAS_2_47,2_FST,3_NUM,4_CWR_1,4_CWR_2,5_RWR_1_12,5_RWR_2_12,6_PAR_1,6_PAR_2,7_PDW_1,7_PDW_2,LST1,LSX3,10_QST_1,10_QST_2
45,NS52,52,A,SD,33,SAS_1_5,SAS_2_5,2_FST,3_NUM,4_CWR_1,4_CWR_2,5_RWR_1_17,5_RWR_2_17,6_PAR_1,6_PAR_2,7_PDW_1,7_PDW_2,LST1,LSX2,10_QST_1,10_QST_2
46,NS151,151,A,DZ,46,SAS_1_10,SAS_2_10,2_FST,3_NUM,4_CWR_1,4_CWR_2,5_RWR_1_11,5_RWR_2_11,6_PAR_1,6_PAR_2,7_PDW_1,7_PDW_2,LST1,LSX1,10_QST_1,10_QST_2
47,NS152,152,A,TN,60,SAS_1_11,SAS_2_11,2_FST,3_NUM,4_CWR_1,4_CWR_2,5_RWR_1_12,5_RWR_2_12,6_PAR_1,6_PAR_2,7_PDW_1,7_PDW_2,LST1,LSX2,10_QST_1,10_QST_2
48,NS153,153,A,EG,51,SAS_1_12,SAS_2_12,2_FST,3_NUM,4_CWR_1,4_CWR_2,5_RWR_1_13,5_RWR_2_13,6_PAR_1,6_PAR_2,7_PDW_1,7_PDW_2,LST1,LSX3,10_QST_1,10_QST_2
49,NS154,154,A,DZ,41,SAS_1_13,SAS_2_13,2_FST,3_NUM,4_CWR_1,4_CWR_2,5_RWR_1_14,5_RWR_2_14,6_PAR_1,6_PAR_2,7_PDW_1,7_PDW_2,LST1,LSX1,10_QST_1,10_QST_2
50,NS155,155,A,TN,38,SAS_1_14,SAS_2_14,2_FST,3_NUM,4_CWR_1,4_CWR_2,5_RWR_1_15,5_RWR_2_15,6_PAR_1,6_PAR_2,7_PDW_1,7_PDW_2,LST1,LSX2,10_QST_1,10_QST_2
51,NS156,156,A,TN,18,SAS_1_15,SAS_15,2_FST,3_NUM,4_CWR_1,4_CWR_2,5_RWR_1_16,5_RWR_2_16,6_PAR_1,6_PAR_2,7_PDW_1,7_PDW_2,LST1,LSX3,10_QST_1,10_QST_2
52,NS201,201,N,PK,24,SAS_1_13,SAS_2_13,2_FST,3_NUM,4_CWR_1,4_CWR_2,5_RWR_1_26,5_RWR_2_26,6_PAR_1,6_PAR_2,7_PDW_1,7_PDW_2,LST1,LSX3,10_QST_1,10_QST_2
53,NS202,202,N,IN,26,SAS_1_14,SAS_2_14,2_FST,3_NUM,4_CWR_1,4_CWR_2,5_RWR_1_27,5_RWR_2_27,6_PAR_1,6_PAR_2,7_PDW_1,7_PDW_2,LST1,LSX1,10_QST_1,10_QST_2
54,NS203,203,N,IN,25,SAS_1_15,SAS_2_15,2_FST,3_NUM,4_CWR_1,4_CWR_2,5_RWR_1_28,5_RWR_2_28,6_PAR_1,6_PAR_2,7_PDW_1,7_PDW_2,LST1,LSX2,10_QST_1,10_QST_2
55,NS204,204,N,IN,29,SAS_1_16,SAS_2_16,2_FST,3_NUM,4_CWR_1,4_CWR_2,5_RWR_1_29,5_RWR_2_29,6_PAR_1,6_PAR_2,7_PDW_1,7_PDW_2,LST1,LSX3,10_QST_1,10_QST_2
56,NS205,205,N,PK,23,SAS_1_17,SAS_2_17,2_FST,3_NUM,4_CWR_1,4_CWR_2,5_RWR_1_30,5_RWR_2_30,6_PAR_1,6_PAR_2,7_PDW_1,7_PDW_2,LST1,LSX1,10_QST_1,10_QST_2
57,NS206,206,N,PK,23,SAS_1_18,SAS_2_18,2_FST,3_NUM,4_CWR_1,4_CWR_2,5_RWR_1_31,5_RWR_2_31,6_PAR_1,6_PAR_2,7_PDW_1,7_PDW_2,LST1,LSX2,10_QST_1,10_QST_2
58,NS207,207,N,IN,33,SAS_1_19,SAS_2_19,2_FST,3_NUM,4_CWR_1,4_CWR_2,5_RWR_1_32,5_RWR_2_32,6_PAR_1,6_PAR_2,7_PDW_1,7_PDW_2,LST1,LSX3,10_QST_1,10_QST_2
59,NS208,208,N,IN,32,SAS_1_20,SAS_2_20,2_FST,3_NUM,4_CWR_1,4_CWR_2,5_RWR_1_33,5_RWR_2_33,6_PAR_1,6_PAR_2,7_PDW_1,7_PDW_2,LST1,LSX1,10_QST_1,10_QST_2
60,NS209,209,N,PK,23,SAS_1_21,SAS_2_21,2_FST,3_NUM,4_CWR_1,4_CWR_2,5_RWR_1_34,5_RWR_2_34,6_PAR_1,6_PAR_2,7_PDW_1,7_PDW_2,LST1,LSX2,10_QST_1,10_QST_2
61,NS210,210,N,IN,27,SAS_1_22,SAS_2_22,2_FST,3_NUM,4_CWR_1,4_CWR_2,5_RWR_1_35,5_RWR_2_35,6_PAR_1,6_PAR_2,7_PDW_1,7_PDW_2,LST1,LSX3,10_QST_1,10_QST_2
62,NS211,211,N,PK,30,SAS_1_23,SAS_2_23,2_FST,3_NUM,4_CWR_1,4_CWR_2,5_RWR_1_1,5_RWR_2_1,6_PAR_1,6_PAR_2,7_PDW_1,7_PDW_2,LST1,LSX1,10_QST_1,10_QST_2
63,NS212,212,N,PK,30,SAS_1_24,SAS_2_24,2_FST,3_NUM,4_CWR_1,4_CWR_2,5_RWR_1_2,5_RWR_2_2,6_PAR_1,6_PAR_2,7_PDW_1,7_PDW_2,LST1,LSX2,10_QST_1,10_QST_2
64,NS213,213,N,PK,25,SAS_1_25,SAS_2_25,2_FST,3_NUM,4_CWR_1,4_CWR_2,5_RWR_1_3,5_RWR_2_3,6_PAR_1,6_PAR_2,7_PDW_1,7_PDW_2,LST1,LSX3,10_QST_1,10_QST_2
65,NS214,214,N,PK,25,SAS_1_26,SAS_2_26,2_FST,3_NUM,4_CWR_1,4_CWR_2,5_RWR_1_4,5_RWR_2_4,6_PAR_1,6_PAR_2,7_PDW_1,7_PDW_2,LST1,LSX1,10_QST_1,10_QST_2
66,NS215,215,N,ML,24,SAS_1_27,SAS_2_27,2_FST,3_NUM,4_CWR_1,4_CWR_2,5_RWR_1_5,5_RWR_2_5,6_PAR_1,6_PAR_2,7_PDW_1,7_PDW_2,LST1,LSX2,10_QST_1,10_QST_2
67,NS216,216,N,AF,22,SAS_1_28,SAS_2_28,2_FST,3_NUM,4_CWR_1,4_CWR_2,5_RWR_1_6,5_RWR_2_6,6_PAR_1,6_PAR_2,7_PDW_1,7_PDW_2,LST1,LSX3,10_QST_1,10_QST_2
68,NS217,217,N,AF,20,SAS_1_29,SAS_2_29,2_FST,3_NUM,4_CWR_1,4_CWR_2,5_RWR_1_7,5_RWR_2_7,6_PAR_1,6_PAR_2,7_PDW_1,7_PDW_2,LST1,LSX1,10_QST_1,10_QST_2
69,NS218,218,N,NP,20,SAS_1_30,SAS_2_30,2_FST,3_NUM,4_CWR_1,4_CWR_2,5_RWR_1_8,5_RWR_2_8,6_PAR_1,6_PAR_2,7_PDW_1,7_PDW_2,LST1,LSX2,10_QST_1,10_QST_2
70,NS219,219,N,NP,22,SAS_1_31,SAS_2_31,2_FST,3_NUM,4_CWR_1,4_CWR_2,5_RWR_1_9,5_RWR_2_9,6_PAR_1,6_PAR_2,7_PDW_1,7_PDW_2,LST1,LSX3,10_QST_1,10_QST_2
71,NS220,220,N,IN,21,SAS_1_32,SAS_2_32,2_FST,3_NUM,4_CWR_1,4_CWR_2,5_RWR_1_10,5_RWR_2_10,6_PAR_1,6_PAR_2,7_PDW_1,7_PDW_2,LST1,LSX1,10_QST_1,10_QST_2
72,NS221,221,N,IN,36,SAS_1_33,SAS_2_33,2_FST,3_NUM,4_CWR_1,4_CWR_2,5_RWR_1_11,5_RWR_2_11,6_PAR_1,6_PAR_2,7_PDW_1,7_PDW_2,LST1,LSX2,10_QST_1,10_QST_2
73,NS222,222,N,NP,29,SAS_1_34,SAS_2_34,2_FST,3_NUM,4_CWR_1,4_CWR_2,5_RWR_1_12,5_RWR_2_12,6_PAR_1,6_PAR_2,7_PDW_1,7_PDW_2,LST1,LSX3,10_QST_1,10_QST_2
74,NS223,223,N,NP,22,SAS_1_35,SAS_2_35,2_FST,3_NUM,4_CWR_1,4_CWR_2,5_RWR_1_13,5_RWR_2_13,6_PAR_1,6_PAR_2,7_PDW_1,7_PDW_2,LST1,LSX1,10_QST_1,10_QST_2
75,NS224,224,N,NP,22,SAS_1_36,SAS_2_36,2_FST,3_NUM,4_CWR_1,4_CWR_2,5_RWR_1_14,5_RWR_2_14,6_PAR_1,6_PAR_2,7_PDW_1,7_PDW_2,LST1,LSX2,10_QST_1,10_QST_2
76,NS225,225,N,NP,26,SAS_1_37,SAS_2_37,2_FST,3_NUM,4_CWR_1,4_CWR_2,5_RWR_1_15,5_RWR_2_15,6_PAR_1,6_PAR_2,7_PDW_1,7_PDW_2,LST1,LSX3,10_QST_1,10_QST_2
77,NS226,226,N,NG,31,SAS_1_38,SAS_2_38,2_FST,3_NUM,4_CWR_1,4_CWR_2,5_RWR_1_16,5_RWR_2_16,6_PAR_1,6_PAR_2,7_PDW_1,7_PDW_2,LST1,LSX1,10_QST_1,10_QST_2
78,NS227,227,N,UG,27,SAS_1_39,SAS_2_39,2_FST,3_NUM,4_CWR_1,4_CWR_2,5_RWR_1_17,5_RWR_2_17,6_PAR_1,6_PAR_2,7_PDW_1,7_PDW_2,LST1,LSX2,10_QST_1,10_QST_2
79,NS228,228,N,IN,32,SAS_1_40,SAS_2_40,2_FST,3_NUM,4_CWR_1,4_CWR_2,5_RWR_1_18,5_RWR_2_18,6_PAR_1,6_PAR_2,7_PDW_1,7_PDW_2,LST1,LSX3,10_QST_1,10_QST_2
80,NS229,229,N,NP,30,SAS_1_41,SAS_2_41,2_FST,3_NUM,4_CWR_1,4_CWR_2,5_RWR_1_19,5_RWR_2_19,6_PAR_1,6_PAR_2,7_PDW_1,7_PDW_2,LST1,LSX1,10_QST_1,10_QST_2
81,NS230,230,N,ML,26,SAS_1_42,SAS_2_42,2_FST,3_NUM,4_CWR_1,4_CWR_2,5_RWR_1_20,5_RWR_2_20,6_PAR_1,6_PAR_2,7_PDW_1,7_PDW_2,LST1,LSX2,10_QST_1,10_QST_2
82,NS231,231,N,BD,27,SAS_1_43,SAS_2_43,2_FST,3_NUM,4_CWR_1,4_CWR_2,5_RWR_1_21,5_RWR_2_21,6_PAR_1,6_PAR_2,7_PDW_1,7_PDW_2,LST1,LSX3,10_QST_1,10_QST_2
83,NS232,232,N,AG,25,SAS_1_44,SAS_2_44,2_FST,3_NUM,4_CWR_1,4_CWR_2,5_RWR_1_22,5_RWR_2_22,6_PAR_1,6_PAR_2,7_PDW_1,7_PDW_2,LST1,LSX1,10_QST_1,10_QST_2
84,NS233,233,N,ID,20,SAS_1_45,SAS_2_45,2_FST,3_NUM,4_CWR_1,4_CWR_2,5_RWR_1_23,5_RWR_2_23,6_PAR_1,6_PAR_2,7_PDW_1,7_PDW_2,LST1,LSX2,10_QST_1,10_QST_2
85,NS234,234,N,BG,27,SAS_1_46,SAS_2_46,2_FST,3_NUM,4_CWR_1,4_CWR_2,5_RWR_1_24,5_RWR_2_24,6_PAR_1,6_PAR_2,7_PDW_1,7_PDW_2,LST1,LSX3,10_QST_1,10_QST_2
86,NS235,235,N,RS,27,SAS_1_47,SAS_2_47,2_FST,3_NUM,4_CWR_1,4_CWR_2,5_RWR_1_25,5_RWR_2_25,6_PAR_1,6_PAR_2,7_PDW_1,7_PDW_2,LST1,LSX1,10_QST_1,10_QST_2
87,NS236,236,N,KE,23,SAS_1_1,SAS_2_1,2_FST,3_NUM,4_CWR_1,4_CWR_2,5_RWR_1_26,5_RWR_2_26,6_PAR_1,6_PAR_2,7_PDW_1,7_PDW_2,LST1,LSX2,10_QST_1,10_QST_2
88,NS237,237,N,AF,29,SAS_1_2,SAS_2_2,2_FST,3_NUM,4_CWR_1,4_CWR_2,5_RWR_1_27,5_RWR_2_27,6_PAR_1,6_PAR_2,7_PDW_1,7_PDW_2,LST1,LSX3,10_QST_1,10_QST_2
89,NS238,238,N,ID,34,SAS_1_3,SAS_2_3,2_FST,3_NUM,4_CWR_1,4_CWR_2,5_RWR_1_28,5_RWR_2_28,6_PAR_1,6_PAR_2,7_PDW_1,7_PDW_2,LST1,LSX1,10_QST_1,10_QST_2
90,NS239,239,N,NG,20,SAS_1_4,SAS_2_4,2_FST,3_NUM,4_CWR_1,4_CWR_2,5_RWR_1_29,5_RWR_2_29,6_PAR_1,6_PAR_2,7_PDW_1,7_PDW_2,LST1,LSX2,10_QST_1,10_QST_2
91,NS240,240,N,ID,25,SAS_1_5,SAS_2_5,2_FST,3_NUM,4_CWR_1,4_CWR_2,5_RWR_1_30,5_RWR_2_30,6_PAR_1,6_PAR_2,7_PDW_1,7_PDW_2,LST1,LSX3,10_QST_1,10_QST_2
92,NS241,241,N,ID,26,SAS_1_6,SAS_2_6,2_FST,3_NUM,4_CWR_1,4_CWR_2,5_RWR_1_31,5_RWR_2_31,6_PAR_1,6_PAR_2,7_PDW_1,7_PDW_2,LST1,LSX1,10_QST_1,10_QST_2
93,NS242,242,N,UG,35,SAS_1_7,SAS_2_7,2_FST,3_NUM,4_CWR_1,4_CWR_2,5_RWR_1_32,5_RWR_2_32,6_PAR_1,6_PAR_2,7_PDW_1,7_PDW_2,LST1,LSX2,10_QST_1,10_QST_2
94,NS243,243,N,BJ,35,SAS_1_8,SAS_2_8,2_FST,3_NUM,4_CWR_1,4_CWR_2,5_RWR_1_33,5_RWR_2_33,6_PAR_1,6_PAR_2,7_PDW_1,7_PDW_2,LST1,LSX3,10_QST_1,10_QST_2
95,NS244,244,N,ID,31,SAS_1_9,SAS_2_9,2_FST,3_NUM,4_CWR_1,4_CWR_2,5_RWR_1_34,5_RWR_2_34,6_PAR_1,6_PAR_2,7_PDW_1,7_PDW_2,LST1,LSX1,10_QST_1,10_QST_2
96,NS245,245,N,NG,27,SAS_1_10,SAS_2_10,2_FST,3_NUM,4_CWR_1,4_CWR_2,5_RWR_1_35,5_RWR_2_35,6_PAR_1,6_PAR_2,7_PDW_1,7_PDW_2,LST1,LSX2,10_QST_1,10_QST_2
97,NS246,246,N,CF,22,SAS_1_11,SAS_2_11,2_FST,3_NUM,4_CWR_1,4_CWR_2,5_RWR_1_1,5_RWR_2_1,6_PAR_1,6_PAR_2,7_PDW_1,7_PDW_2,LST1,LSX3,10_QST_1,10_QST_2
98,NS247,247,N,BN,27,SAS_1_12,SAS_2_12,2_FST,3_NUM,4_CWR_1,4_CWR_2,5_RWR_1_2,5_RWR_2_2,6_PAR_1,6_PAR_2,7_PDW_1,7_PDW_2,LST1,LSX1,10_QST_1,10_QST_2
99,NS248,248,N,AF,22,SAS_1_13,SAS_2_13,2_FST,3_NUM,4_CWR_1,4_CWR_2,5_RWR_1_3,5_RWR_2_3,6_PAR_1,6_PAR_2,7_PDW_1,7_PDW_2,LST1,LSX2,10_QST_1,10_QST_2
100,NS249,249,N,UG,29,SAS_1_14,SAS_2_14,2_FST,3_NUM,4_CWR_1,4_CWR_2,5_RWR_1_4,5_RWR_2_4,6_PAR_1,6_PAR_2,7_PDW_1,7_PDW_2,LST1,LSX3,10_QST_1,10_QST_2
101,NS250,250,N,CI,36,SAS_1_15,SAS_2_15,2_FST,3_NUM,4_CWR_1,4_CWR_2,5_RWR_1_5,5_RWR_2_5,6_PAR_1,6_PAR_2,7_PDW_1,7_PDW_2,LST1,LSX1,10_QST_1,10_QST_2
102,NS251,251,N,SN,25,SAS_1_16,SAS_2_16,2_FST,3_NUM,4_CWR_1,4_CWR_2,5_RWR_1_6,5_RWR_2_6,6_PAR_1,6_PAR_2,7_PDW_1,7_PDW_2,LST1,LSX2,10_QST_1,10_QST_2
103,NS252,252,N,LR,25,SAS_1_17,SAS_2_17,2_FST,3_NUM,4_CWR_1,4_CWR_2,5_RWR_1_7,5_RWR_2_7,6_PAR_1,6_PAR_2,7_PDW_1,7_PDW_2,LST1,LSX3,10_QST_1,10_QST_2
104,NS253,253,N,KE,26,SAS_1_18,SAS_2_18,2_FST,3_NUM,4_CWR_1,4_CWR_2,5_RWR_1_8,5_RWR_2_8,6_PAR_1,6_PAR_2,7_PDW_1,7_PDW_2,LST1,LSX1,10_QST_1,10_QST_2
105,NS254,254,N,PH,30,SAS_1_19,SAS_2_19,2_FST,3_NUM,4_CWR_1,4_CWR_2,5_RWR_1_9,5_RWR_2_9,6_PAR_1,6_PAR_2,7_PDW_1,7_PDW_2,LST1,LSX2,10_QST_1,10_QST_2
106,NS255,255,N,GW,22,SAS_1_20,SAS_2_20,2_FST,3_NUM,4_CWR_1,4_CWR_2,5_RWR_1_10,5_RWR_2_10,6_PAR_1,6_PAR_2,7_PDW_1,7_PDW_2,LST1,LSX3,10_QST_1,10_QST_2
107,NS256,256,N,PH,23,SAS_1_21,SAS_2_21,2_FST,3_NUM,4_CWR_1,4_CWR_2,5_RWR_1_11,5_RWR_2_11,6_PAR_1,6_PAR_2,7_PDW_1,7_PDW_2,LST1,LSX1,10_QST_1,10_QST_2
108,NS257,257,N,TH,27,SAS_1_22,SAS_2_22,2_FST,3_NUM,4_CWR_1,4_CWR_2,5_RWR_1_12,5_RWR_2_12,6_PAR_1,6_PAR_2,7_PDW_1,7_PDW_2,LST1,LSX2,10_QST_1,10_QST_2
109,NS259,259,N,ID,38,SAS_1_24,SAS_2_24,2_FST,3_NUM,4_CWR_1,4_CWR_2,5_RWR_1_14,5_RWR_2_14,6_PAR_1,6_PAR_2,7_PDW_1,7_PDW_2,LST1,LSX1,10_QST_1,10_QST_2
110,NS260,260,N,TG,25,SAS_1_25,SAS_2_25,2_FST,3_NUM,4_CWR_1,4_CWR_2,5_RWR_1_15,5_RWR_2_15,6_PAR_1,6_PAR_2,7_PDW_1,7_PDW_2,LST1,LSX2,10_QST_1,10_QST_2
111,NS261,261,N,BG,35,SAS_1_26,SAS_2_26,2_FST,3_NUM,4_CWR_1,4_CWR_2,5_RWR_1_16,5_RWR_2_16,6_PAR_1,6_PAR_2,7_PDW_1,7_PDW_2,LST1,LSX3,10_QST_1,10_QST_2
112,NS262,262,N,ID,28,SAS_1_27,SAS_2_27,2_FST,3_NUM,4_CWR_1,4_CWR_2,5_RWR_1_17,5_RWR_2_17,6_PAR_1,6_PAR_2,7_PDW_1,7_PDW_2,LST1,LSX1,10_QST_1,10_QST_2
113,NS263,263,N,ID,36,SAS_1_28,SAS_2_28,2_FST,3_NUM,4_CWR_1,4_CWR_2,5_RWR_1_18,5_RWR_2_18,6_PAR_1,6_PAR_2,7_PDW_1,7_PDW_2,LST1,LSX2,10_QST_1,10_QST_2
114,NS264,264,N,ID,30,SAS_1_29,SAS_2_29,2_FST,3_NUM,4_CWR_1,4_CWR_2,5_RWR_1_19,5_RWR_2_19,6_PAR_1,6_PAR_2,7_PDW_1,7_PDW_2,LST1,LSX3,10_QST_1,10_QST_2
115,S2,2,A,SA,24,SAS_1_2,SAS_2_2,2_FST,3_NUM,4_CWR_1,4_CWR_2,5_RWR_1_2,5_RWR_2_2,6_PAR_1,6_PAR_2,7_PDW_1,7_PDW_2,LST1,LSX2,10_QST_1,10_QST_2
116,S3,3,A,SA,24,SAS_1_3,SAS_2_3,2_FST,3_NUM,4_CWR_1,4_CWR_2,5_RWR_1_3,5_RWR_2_3,6_PAR_1,6_PAR_2,7_PDW_1,7_PDW_2,LST1,LSX3,10_QST_1,10_QST_2
117,S4,4,A,SA,24,SAS_1_4,SAS_2_4,2_FST,3_NUM,4_CWR_1,4_CWR_2,5_RWR_1_4,5_RWR_2_4,6_PAR_1,6_PAR_2,7_PDW_1,7_PDW_2,LST1,LSX1,10_QST_1,10_QST_2
118,S5,5,A,SA,25,SAS_1_5,SAS_2_5,2_FST,3_NUM,4_CWR_1,4_CWR_2,5_RWR_1_5,5_RWR_2_5,6_PAR_1,6_PAR_2,7_PDW_1,7_PDW_2,LST1,LSX2,10_QST_1,10_QST_2
119,S6,6,A,SA,23,SAS_1_6,SAS_2_6,2_FST,3_NUM,4_CWR_1,4_CWR_2,5_RWR_1_6,5_RWR_2_6,6_PAR_1,6_PAR_2,7_PDW_1,7_PDW_2,LST1,LSX3,10_QST_1,10_QST_2
120,S7,7,A,SA,23,SAS_1_7,SAS_2_7,2_FST,3_NUM,4_CWR_1,4_CWR_2,5_RWR_1_7,5_RWR_2_7,6_PAR_1,6_PAR_2,7_PDW_1,7_PDW_2,LST1,LSX1,10_QST_1,10_QST_2
121,S8,8,A,SA,24,SAS_1_8,SAS_2_8,2_FST,3_NUM,4_CWR_1,4_CWR_2,5_RWR_1_8,5_RWR_2_8,6_PAR_1,6_PAR_2,7_PDW_1,7_PDW_2,LST1,LSX2,10_QST_1,10_QST_2
122,S9,9,A,SA,22,SAS_1_9,SAS_2_9,2_FST,3_NUM,4_CWR_1,4_CWR_2,5_RWR_1_9,5_RWR_2_9,6_PAR_1,6_PAR_2,7_PDW_1,7_PDW_2,LST1,LSX3,10_QST_1,10_QST_2
123,S10,10,A,SA,25,SAS_1_10,SAS_2_10,2_FST,3_NUM,4_CWR_1,4_CWR_2,5_RWR_1_10,5_RWR_2_10,6_PAR_1,6_PAR_2,7_PDW_1,7_PDW_2,LST1,LSX1,10_QST_1,10_QST_2
124,S11,11,A,SA,24,SAS_1_11,SAS_2_11,2_FST,3_NUM,4_CWR_1,4_CWR_2,5_RWR_1_11,5_RWR_2_11,6_PAR_1,6_PAR_2,7_PDW_1,7_PDW_2,LST1,LSX2,10_QST_1,10_QST_2
125,S12,12,A,SA,24,SAS_1_12,SAS_2_12,2_FST,3_NUM,4_CWR_1,4_CWR_2,5_RWR_1_12,5_RWR_2_12,6_PAR_1,6_PAR_2,7_PDW_1,7_PDW_2,LST1,LSX3,10_QST_1,10_QST_2
126,S13,13,A,SA,22,SAS_1_13,SAS_2_13,2_FST,3_NUM,4_CWR_1,4_CWR_2,5_RWR_1_13,5_RWR_2_13,6_PAR_1,6_PAR_2,7_PDW_1,7_PDW_2,LST1,LSX1,10_QST_1,10_QST_2
127,S14,14,A,SA,22,SAS_1_14,SAS_2_14,2_FST,3_NUM,4_CWR_1,4_CWR_2,5_RWR_1_14,5_RWR_2_14,6_PAR_1,6_PAR_2,7_PDW_1,7_PDW_2,LST1,LSX2,10_QST_1,10_QST_2
128,S15,15,A,SA,23,SAS_1_15,SAS_2_15,2_FST,3_NUM,4_CWR_1,4_CWR_2,5_RWR_1_15,5_RWR_2_15,6_PAR_1,6_PAR_2,7_PDW_1,7_PDW_2,LST1,LSX3,10_QST_1,10_QST_2
129,S16,16,A,SA,23,SAS_1_16,SAS_2_16,2_FST,3_NUM,4_CWR_1,4_CWR_2,5_RWR_1_16,5_RWR_2_16,6_PAR_1,6_PAR_2,7_PDW_1,7_PDW_2,LST1,LSX1,10_QST_1,10_QST_2
130,S17,17,A,SA,24,SAS_1_17,SAS_2_17,2_FST,3_NUM,4_CWR_1,4_CWR_2,5_RWR_1_17,5_RWR_2_17,6_PAR_1,6_PAR_2,7_PDW_1,7_PDW_2,LST1,LSX2,10_QST_1,10_QST_2
131,S18,18,A,SA,24,SAS_1_18,SAS_2_18,2_FST,3_NUM,4_CWR_1,4_CWR_2,5_RWR_1_18,5_RWR_2_18,6_PAR_1,6_PAR_2,7_PDW_1,7_PDW_2,LST1,LSX3,10_QST_1,10_QST_2
132,S19,19,A,SA,24,SAS_1_19,SAS_2_19,2_FST,3_NUM,4_CWR_1,4_CWR_2,5_RWR_1_19,5_RWR_2_19,6_PAR_1,6_PAR_2,7_PDW_1,7_PDW_2,LST1,LSX1,10_QST_1,10_QST_2
133,S20,20,A,SA,24,SAS_1_20,SAS_2_20,2_FST,3_NUM,4_CWR_1,4_CWR_2,5_RWR_1_20,5_RWR_2_20,6_PAR_1,6_PAR_2,7_PDW_1,7_PDW_2,LST1,LSX2,10_QST_1,10_QST_2
134,S21,21,A,SA,22,SAS_1_21,SAS_2_21,2_FST,3_NUM,4_CWR_1,4_CWR_2,5_RWR_1_21,5_RWR_2_21,6_PAR_1,6_PAR_2,7_PDW_1,7_PDW_2,LST1,LSX3,10_QST_1,10_QST_2
135,S22,22,A,SA,21,SAS_1_22,SAS_2_22,2_FST,3_NUM,4_CWR_1,4_CWR_2,5_RWR_1_22,5_RWR_2_22,6_PAR_1,6_PAR_2,7_PDW_1,7_PDW_2,LST1,LSX1,10_QST_1,10_QST_2
136,S23,23,A,SA,22,SAS_1_23,SAS_2_23,2_FST,3_NUM,4_CWR_1,4_CWR_2,5_RWR_1_23,5_RWR_2_23,6_PAR_1,6_PAR_2,7_PDW_1,7_PDW_2,LST1,LSX2,10_QST_1,10_QST_2
137,S24,24,A,SA,22,SAS_1_24,SAS_2_24,2_FST,3_NUM,4_CWR_1,4_CWR_2,5_RWR_1_24,5_RWR_2_24,6_PAR_1,6_PAR_2,7_PDW_1,7_PDW_2,LST1,LSX3,10_QST_1,10_QST_2
138,S25,25,A,SA,22,SAS_1_25,SAS_2_25,2_FST,3_NUM,4_CWR_1,4_CWR_2,5_RWR_1_25,5_RWR_2_25,6_PAR_1,6_PAR_2,7_PDW_1,7_PDW_2,LST1,LSX1,10_QST_1,10_QST_2
139,S26,26,A,SA,21,SAS_1_26,SAS_2_26,2_FST,3_NUM,4_CWR_1,4_CWR_2,5_RWR_1_26,5_RWR_2_26,6_PAR_1,6_PAR_2,7_PDW_1,7_PDW_2,LST1,LSX2,10_QST_1,10_QST_2
140,S27,27,A,SA,24,SAS_1_27,SAS_2_27,2_FST,3_NUM,4_CWR_1,4_CWR_2,5_RWR_1_27,5_RWR_2_27,6_PAR_1,6_PAR_2,7_PDW_1,7_PDW_2,LST1,LSX3,10_QST_1,10_QST_2
141,S28,28,A,SA,27,SAS_1_28,SAS_2_28,2_FST,3_NUM,4_CWR_1,4_CWR_2,5_RWR_1_28,5_RWR_2_28,6_PAR_1,6_PAR_2,7_PDW_1,7_PDW_2,LST1,LSX1,10_QST_1,10_QST_2
142,S29,29,A,SA,20,SAS_1_29,SAS_2_29,2_FST,3_NUM,4_CWR_1,4_CWR_2,5_RWR_1_29,5_RWR_2_29,6_PAR_1,6_PAR_2,7_PDW_1,7_PDW_2,LST1,LSX2,10_QST_1,10_QST_2
143,S30,30,A,SA,20,SAS_1_30,SAS_2_30,2_FST,3_NUM,4_CWR_1,4_CWR_2,5_RWR_1_30,5_RWR_2_30,6_PAR_1,6_PAR_2,7_PDW_1,7_PDW_2,LST1,LSX3,10_QST_1,10_QST_2
144,S31,31,A,SA,21,SAS_1_31,SAS_2_31,2_FST,3_NUM,4_CWR_1,4_CWR_2,5_RWR_1_31,5_RWR_2_31,6_PAR_1,6_PAR_2,7_PDW_1,7_PDW_2,LST1,LSX1,10_QST_1,10_QST_2
145,S32,32,A,SA,21,SAS_1_32,SAS_2_32,2_FST,3_NUM,4_CWR_1,4_CWR_2,5_RWR_1_32,5_RWR_2_32,6_PAR_1,6_PAR_2,7_PDW_1,7_PDW_2,LST1,LSX2,10_QST_1,10_QST_2
146,S33,33,A,SA,20,SAS_1_33,SAS_2_33,2_FST,3_NUM,4_CWR_1,4_CWR_2,5_RWR_1_33,5_RWR_2_33,6_PAR_1,6_PAR_2,7_PDW_1,7_PDW_2,LST1,LSX3,10_QST_1,10_QST_2
147,S34,34,A,SA,22,SAS_1_34,SAS_2_34,2_FST,3_NUM,4_CWR_1,4_CWR_2,5_RWR_1_34,5_RWR_2_34,6_PAR_1,6_PAR_2,7_PDW_1,7_PDW_2,LST1,LSX1,10_QST_1,10_QST_2
148,S35,35,A,SA,21,SAS_1_35,SAS_2_35,2_FST,3_NUM,4_CWR_1,4_CWR_2,5_RWR_1_35,5_RWR_2_35,6_PAR_1,6_PAR_2,7_PDW_1,7_PDW_2,LST1,LSX2,10_QST_1,10_QST_2
149,S36,36,A,SA,19,SAS_1_36,SAS_2_36,2_FST,3_NUM,4_CWR_1,4_CWR_2,5_RWR_1_1,5_RWR_2_1,6_PAR_1,6_PAR_2,7_PDW_1,7_PDW_2,LST1,LSX3,10_QST_1,10_QST_2
150,S37,37,A,SA,20,SAS_1_37,SAS_2_37,2_FST,3_NUM,4_CWR_1,4_CWR_2,5_RWR_1_2,5_RWR_2_2,6_PAR_1,6_PAR_2,7_PDW_1,7_PDW_2,LST1,LSX1,10_QST_1,10_QST_2
151,S38,38,A,SA,21,SAS_1_38,SAS_2_38,2_FST,3_NUM,4_CWR_1,4_CWR_2,5_RWR_1_3,5_RWR_2_3,6_PAR_1,6_PAR_2,7_PDW_1,7_PDW_2,LST1,LSX2,10_QST_1,10_QST_2
152,S39,39,A,SA,22,SAS_1_39,SAS_2_39,2_FST,3_NUM,4_CWR_1,4_CWR_2,5_RWR_1_4,5_RWR_2_4,6_PAR_1,6_PAR_2,7_PDW_1,7_PDW_2,LST1,LSX3,10_QST_1,10_QST_2
153,S40,40,A,SA,25,SAS_1_40,SAS_2_40,2_FST,3_NUM,4_CWR_1,4_CWR_2,5_RWR_1_5,5_RWR_2_5,6_PAR_1,6_PAR_2,7_PDW_1,7_PDW_2,LST1,LSX1,10_QST_1,10_QST_2
154,S41,41,A,SA,22,SAS_1_41,SAS_2_41,2_FST,3_NUM,4_CWR_1,4_CWR_2,5_RWR_1_6,5_RWR_2_6,6_PAR_1,6_PAR_2,7_PDW_1,7_PDW_2,LST1,LSX2,10_QST_1,10_QST_2
155,S42,42,A,SA,20,SAS_1_42,SAS_2_42,2_FST,3_NUM,4_CWR_1,4_CWR_2,5_RWR_1_7,5_RWR_2_7,6_PAR_1,6_PAR_2,7_PDW_1,7_PDW_2,LST1,LSX3,10_QST_1,10_QST_2
156,S43,43,A,SA,21,SAS_1_43,SAS_2_43,2_FST,3_NUM,4_CWR_1,4_CWR_2,5_RWR_1_8,5_RWR_2_8,6_PAR_1,6_PAR_2,7_PDW_1,7_PDW_2,LST1,LSX1,10_QST_1,10_QST_2
157,S44,44,A,SA,20,SAS_1_44,SAS_2_44,2_FST,3_NUM,4_CWR_1,4_CWR_2,5_RWR_1_9,5_RWR_2_9,6_PAR_1,6_PAR_2,7_PDW_1,7_PDW_2,LST1,LSX2,10_QST_1,10_QST_2
158,S45,45,A,SA,22,SAS_1_45,SAS_2_45,2_FST,3_NUM,4_CWR_1,4_CWR_2,5_RWR_1_10,5_RWR_2_10,6_PAR_1,6_PAR_2,7_PDW_1,7_PDW_2,LST1,LSX3,10_QST_1,10_QST_2
159,S46,46,A,SA,21,SAS_1_46,SAS_2_46,2_FST,3_NUM,4_CWR_1,4_CWR_2,5_RWR_1_11,5_RWR_2_11,6_PAR_1,6_PAR_2,7_PDW_1,7_PDW_2,LST1,LSX1,10_QST_1,10_QST_2
160,S47,47,A,SA,22,SAS_1_47,SAS_2_47,2_FST,3_NUM,4_CWR_1,4_CWR_2,5_RWR_1_12,5_RWR_2_12,6_PAR_1,6_PAR_2,7_PDW_1,7_PDW_2,LST1,LSX2,10_QST_1,10_QST_2
161,S48,48,A,SA,20,SAS_1_1,SAS_2_1,2_FST,3_NUM,4_CWR_1,4_CWR_2,5_RWR_1_13,5_RWR_2_13,6_PAR_1,6_PAR_2,7_PDW_1,7_PDW_2,LST1,LSX3,10_QST_1,10_QST_2
162,S49,49,A,SA,20,SAS_1_2,SAS_2_2,2_FST,3_NUM,4_CWR_1,4_CWR_2,5_RWR_1_14,5_RWR_2_14,6_PAR_1,6_PAR_2,7_PDW_1,7_PDW_2,LST1,LSX1,10_QST_1,10_QST_2
163,S50,50,A,SA,25,SAS_1_3,SAS_2_3,2_FST,3_NUM,4_CWR_1,4_CWR_2,5_RWR_1_15,5_RWR_2_15,6_PAR_1,6_PAR_2,7_PDW_1,7_PDW_2,LST1,LSX2,10_QST_1,10_QST_2
164,S51,51,A,SA,22,SAS_1_4,SAS_2_4,2_FST,3_NUM,4_CWR_1,4_CWR_2,5_RWR_1_16,5_RWR_2_16,6_PAR_1,6_PAR_2,7_PDW_1,7_PDW_2,LST1,LSX3,10_QST_1,10_QST_2
165,S52,52,A,SA,21,SAS_1_5,SAS_2_5,2_FST,3_NUM,4_CWR_1,4_CWR_2,5_RWR_1_17,5_RWR_2_17,6_PAR_1,6_PAR_2,7_PDW_1,7_PDW_2,LST1,LSX1,10_QST_1,10_QST_2
166,S53,53,A,SA,24,SAS_1_6,SAS_2_6,2_FST,3_NUM,4_CWR_1,4_CWR_2,5_RWR_1_18,5_RWR_2_18,6_PAR_1,6_PAR_2,7_PDW_1,7_PDW_2,LST1,LSX2,10_QST_1,10_QST_2
167,S54,54,A,SA,21,SAS_1_7,SAS_2_7,2_FST,3_NUM,4_CWR_1,4_CWR_2,5_RWR_1_19,5_RWR_2_19,6_PAR_1,6_PAR_2,7_PDW_1,7_PDW_2,LST1,LSX3,10_QST_1,10_QST_2
168,S55,55,A,SA,20,SAS_1_8,SAS_2_8,2_FST,3_NUM,4_CWR_1,4_CWR_2,5_RWR_1_20,5_RWR_2_20,6_PAR_1,6_PAR_2,7_PDW_1,7_PDW_2,LST1,LSX1,10_QST_1,10_QST_2
169,S56,56,A,SA,22,SAS_1_9,SAS_2_9,2_FST,3_NUM,4_CWR_1,4_CWR_2,5_RWR_1_21,5_RWR_2_21,6_PAR_1,6_PAR_2,7_PDW_1,7_PDW_2,LST1,LSX2,10_QST_1,10_QST_2
170,S57,57,A,SA,21,SAS_1_10,SAS_2_10,2_FST,3_NUM,4_CWR_1,4_CWR_2,5_RWR_1_22,5_RWR_2_22,6_PAR_1,6_PAR_2,7_PDW_1,7_PDW_2,LST1,LSX3,10_QST_1,10_QST_2
171,S58,58,A,SA,22,SAS_1_11,SAS_2_11,2_FST,3_NUM,4_CWR_1,4_CWR_2,5_RWR_1_23,5_RWR_2_23,6_PAR_1,6_PAR_2,7_PDW_1,7_PDW_2,LST1,LSX1,10_QST_1,10_QST_2
172,S59,59,A,SA,22,SAS_1_12,SAS_2_12,2_FST,3_NUM,4_CWR_1,4_CWR_2,5_RWR_1_24,5_RWR_2_24,6_PAR_1,6_PAR_2,7_PDW_1,7_PDW_2,LST1,LSX2,10_QST_1,10_QST_2
173,S60,60,A,SA,21,SAS_1_13,SAS_2_13,2_FST,3_NUM,4_CWR_1,4_CWR_2,5_RWR_1_25,5_RWR_2_25,6_PAR_1,6_PAR_2,7_PDW_1,7_PDW_2,LST1,LSX3,10_QST_1,10_QST_2
174,S61,61,A,SA,20,SAS_1_14,SAS_2_14,2_FST,3_NUM,4_CWR_1,4_CWR_2,5_RWR_1_26,5_RWR_2_26,6_PAR_1,6_PAR_2,7_PDW_1,7_PDW_2,LST1,LSX1,10_QST_1,10_QST_2
175,S62,62,A,SA,21,SAS_1_15,SAS_2_15,2_FST,3_NUM,4_CWR_1,4_CWR_2,5_RWR_1_27,5_RWR_2_27,6_PAR_1,6_PAR_2,7_PDW_1,7_PDW_2,LST1,LSX2,10_QST_1,10_QST_2
176,S63,63,A,SA,21,SAS_1_16,SAS_2_16,2_FST,3_NUM,4_CWR_1,4_CWR_2,5_RWR_1_28,5_RWR_2_28,6_PAR_1,6_PAR_2,7_PDW_1,7_PDW_2,LST1,LSX3,10_QST_1,10_QST_2
177,S64,64,A,SA,23,SAS_1_17,SAS_2_17,2_FST,3_NUM,4_CWR_1,4_CWR_2,5_RWR_1_29,5_RWR_2_29,6_PAR_1,6_PAR_2,7_PDW_1,7_PDW_2,LST1,LSX1,10_QST_1,10_QST_2
178,S65,65,A,SA,23,SAS_1_18,SAS_2_18,2_FST,3_NUM,4_CWR_1,4_CWR_2,5_RWR_1_30,5_RWR_2_30,6_PAR_1,6_PAR_2,7_PDW_1,7_PDW_2,LST1,LSX2,10_QST_1,10_QST_2
179,S66,66,A,SA,22,SAS_1_19,SAS_2_19,2_FST,3_NUM,4_CWR_1,4_CWR_2,5_RWR_1_31,5_RWR_2_31,6_PAR_1,6_PAR_2,7_PDW_1,7_PDW_2,LST1,LSX3,10_QST_1,10_QST_2
180,S67,67,A,SA,21,SAS_1_20,SAS_2_20,2_FST,3_NUM,4_CWR_1,4_CWR_2,5_RWR_1_32,5_RWR_2_32,6_PAR_1,6_PAR_2,7_PDW_1,7_PDW_2,LST1,LSX1,10_QST_1,10_QST_2
181,S68,68,A,SA,21,SAS_1_21,SAS_2_21,2_FST,3_NUM,4_CWR_1,4_CWR_2,5_RWR_1_33,5_RWR_2_33,6_PAR_1,6_PAR_2,7_PDW_1,7_PDW_2,LST1,LSX2,10_QST_1,10_QST_2
182,S69,69,A,SA,20,SAS_1_22,SAS_2_22,2_FST,3_NUM,4_CWR_1,4_CWR_2,5_RWR_1_34,5_RWR_2_34,6_PAR_1,6_PAR_2,7_PDW_1,7_PDW_2,LST1,LSX3,10_QST_1,10_QST_2
183,S70,70,A,SA,22,SAS_1_23,SAS_2_23,2_FST,3_NUM,4_CWR_1,4_CWR_2,5_RWR_1_35,5_RWR_2_35,6_PAR_1,6_PAR_2,7_PDW_1,7_PDW_2,LST1,LSX1,10_QST_1,10_QST_2
184,S71,71,A,SA,20,SAS_1_24,SAS_2_24,2_FST,3_NUM,4_CWR_1,4_CWR_2,5_RWR_1_1,5_RWR_2_1,6_PAR_1,6_PAR_2,7_PDW_1,7_PDW_2,LST1,LSX2,10_QST_1,10_QST_2
185,S72,72,A,SA,30,SAS_1_25,SAS_2_25,2_FST,3_NUM,4_CWR_1,4_CWR_2,5_RWR_1_2,5_RWR_2_2,6_PAR_1,6_PAR_2,7_PDW_1,7_PDW_2,LST1,LSX3,10_QST_1,10_QST_2
186,S73,73,A,SA,21,SAS_1_26,SAS_2_26,2_FST,3_NUM,4_CWR_1,4_CWR_2,5_RWR_1_3,5_RWR_2_3,6_PAR_1,6_PAR_2,7_PDW_1,7_PDW_2,LST1,LSX1,10_QST_1,10_QST_2
187,S74,74,A,SA,20,SAS_1_27,SAS_2_27,2_FST,3_NUM,4_CWR_1,4_CWR_2,5_RWR_1_4,5_RWR_2_4,6_PAR_1,6_PAR_2,7_PDW_1,7_PDW_2,LST1,LSX2,10_QST_1,10_QST_2
188,S75,75,A,SA,21,SAS_1_28,SAS_2_28,2_FST,3_NUM,4_CWR_1,4_CWR_2,5_RWR_1_5,5_RWR_2_5,6_PAR_1,6_PAR_2,7_PDW_1,7_PDW_2,LST1,LSX3,10_QST_1,10_QST_2
189,S76,76,A,SA,24,SAS_1_29,SAS_2_29,2_FST,3_NUM,4_CWR_1,4_CWR_2,5_RWR_1_6,5_RWR_2_6,6_PAR_1,6_PAR_2,7_PDW_1,7_PDW_2,LST1,LSX1,10_QST_1,10_QST_2
190,S77,77,A,SA,21,SAS_1_30,SAS_2_30,2_FST,3_NUM,4_CWR_1,4_CWR_2,5_RWR_1_7,5_RWR_2_7,6_PAR_1,6_PAR_2,7_PDW_1,7_PDW_2,LST1,LSX2,10_QST_1,10_QST_2
191,S78,78,A,SA,22,SAS_1_31,SAS_2_31,2_FST,3_NUM,4_CWR_1,4_CWR_2,5_RWR_1_8,5_RWR_2_8,6_PAR_1,6_PAR_2,7_PDW_1,7_PDW_2,LST1,LSX3,10_QST_1,10_QST_2
192,S79,79,A,SA,23,SAS_1_32,SAS_2_32,2_FST,3_NUM,4_CWR_1,4_CWR_2,5_RWR_1_9,5_RWR_2_9,6_PAR_1,6_PAR_2,7_PDW_1,7_PDW_2,LST1,LSX1,10_QST_1,10_QST_2
193,S80,80,A,SA,21,SAS_1_33,SAS_2_33,2_FST,3_NUM,4_CWR_1,4_CWR_2,5_RWR_1_10,5_RWR_2_10,6_PAR_1,6_PAR_2,7_PDW_1,7_PDW_2,LST1,LSX2,10_QST_1,10_QST_2
194,S81,81,A,SA,25,SAS_1_34,SAS_2_34,2_FST,3_NUM,4_CWR_1,4_CWR_2,5_RWR_1_11,5_RWR_2_11,6_PAR_1,6_PAR_2,7_PDW_1,7_PDW_2,LST1,LSX3,10_QST_1,10_QST_2
195,S82,82,A,SA,21,SAS_1_35,SAS_2_35,2_FST,3_NUM,4_CWR_1,4_CWR_2,5_RWR_1_12,5_RWR_2_12,6_PAR_1,6_PAR_2,7_PDW_1,7_PDW_2,LST1,LSX1,10_QST_1,10_QST_2
196,S83,83,A,SA,23,SAS_1_36,SAS_2_36,2_FST,3_NUM,4_CWR_1,4_CWR_2,5_RWR_1_13,5_RWR_2_13,6_PAR_1,6_PAR_2,7_PDW_1,7_PDW_2,LST1,LSX2,10_QST_1,10_QST_2
197,S84,84,A,SA,23,SAS_1_37,SAS_2_37,2_FST,3_NUM,4_CWR_1,4_CWR_2,5_RWR_1_14,5_RWR_2_14,6_PAR_1,6_PAR_2,7_PDW_1,7_PDW_2,LST1,LSX3,10_QST_1,10_QST_2
198,S85,85,A,SA,23,SAS_1_38,SAS_2_38,2_FST,3_NUM,4_CWR_1,4_CWR_2,5_RWR_1_15,5_RWR_2_15,6_PAR_1,6_PAR_2,7_PDW_1,7_PDW_2,LST1,LSX1,10_QST_1,10_QST_2
199,S86,86,A,SA,19,SAS_1_39,SAS_2_39,2_FST,3_NUM,4_CWR_1,4_CWR_2,5_RWR_1_16,5_RWR_2_16,6_PAR_1,6_PAR_2,7_PDW_1,7_PDW_2,LST1,LSX2,10_QST_1,10_QST_2
200,S87,87,A,SA,22,SAS_1_40,SAS_2_40,2_FST,3_NUM,4_CWR_1,4_CWR_2,5_RWR_1_17,5_RWR_2_17,6_PAR_1,6_PAR_2,7_PDW_1,7_PDW_2,LST1,LSX3,10_QST_1,10_QST_2
201,S88,88,A,SA,20,SAS_1_41,SAS_2_41,2_FST,3_NUM,4_CWR_1,4_CWR_2,5_RWR_1_18,5_RWR_2_18,6_PAR_1,6_PAR_2,7_PDW_1,7_PDW_2,LST1,LSX1,10_QST_1,10_QST_2
202,S89,89,A,SA,20,SAS_1_42,SAS_2_42,2_FST,3_NUM,4_CWR_1,4_CWR_2,5_RWR_1_19,5_RWR_2_19,6_PAR_1,6_PAR_2,7_PDW_1,7_PDW_2,LST1,LSX2,10_QST_1,10_QST_2
203,S90,90,A,SA,24,SAS_1_43,SAS_2_43,2_FST,3_NUM,4_CWR_1,4_CWR_2,5_RWR_1_20,5_RWR_2_20,6_PAR_1,6_PAR_2,7_PDW_1,7_PDW_2,LST1,LSX3,10_QST_1,10_QST_2
204,S91,91,A,SA,22,SAS_1_44,SAS_2_44,2_FST,3_NUM,4_CWR_1,4_CWR_2,5_RWR_1_21,5_RWR_2_21,6_PAR_1,6_PAR_2,7_PDW_1,7_PDW_2,LST1,LSX1,10_QST_1,10_QST_2
205,S92,92,A,SA,23,SAS_1_45,SAS_2_45,2_FST,3_NUM,4_CWR_1,4_CWR_2,5_RWR_1_22,5_RWR_2_22,6_PAR_1,6_PAR_2,7_PDW_1,7_PDW_2,LST1,LSX2,10_QST_1,10_QST_2
206,S93,93,A,SA,22,SAS_1_46,SAS_2_46,2_FST,3_NUM,4_CWR_1,4_CWR_2,5_RWR_1_23,5_RWR_2_23,6_PAR_1,6_PAR_2,7_PDW_1,7_PDW_2,LST1,LSX3,10_QST_1,10_QST_2
207,S94,94,A,SA,22,SAS_1_47,SAS_2_47,2_FST,3_NUM,4_CWR_1,4_CWR_2,5_RWR_1_24,5_RWR_2_24,6_PAR_1,6_PAR_2,7_PDW_1,7_PDW_2,LST1,LSX1,10_QST_1,10_QST_2
208,S95,95,A,SA,22,SAS_1_1,SAS_2_1,2_FST,3_NUM,4_CWR_1,4_CWR_2,5_RWR_1_25,5_RWR_2_25,6_PAR_1,6_PAR_2,7_PDW_1,7_PDW_2,LST1,LSX2,10_QST_1,10_QST_2
209,S96,96,A,SA,23,SAS_1_2,SAS_2_2,2_FST,3_NUM,4_CWR_1,4_CWR_2,5_RWR_1_26,5_RWR_2_26,6_PAR_1,6_PAR_2,7_PDW_1,7_PDW_2,LST1,LSX3,10_QST_1,10_QST_2
210,S97,97,A,SA,21,SAS_1_3,SAS_2_3,2_FST,3_NUM,4_CWR_1,4_CWR_2,5_RWR_1_27,5_RWR_2_27,6_PAR_1,6_PAR_2,7_PDW_1,7_PDW_2,LST1,LSX1,10_QST_1,10_QST_2
211,S98,98,A,SA,24,SAS_1_4,SAS_2_4,2_FST,3_NUM,4_CWR_1,4_CWR_2,5_RWR_1_28,5_RWR_2_28,6_PAR_1,6_PAR_2,7_PDW_1,7_PDW_2,LST1,LSX2,10_QST_1,10_QST_2
212,S99,99,A,SA,21,SAS_1_5,SAS_2_5,2_FST,3_NUM,4_CWR_1,4_CWR_2,5_RWR_1_29,5_RWR_2_29,6_PAR_1,6_PAR_2,7_PDW_1,7_PDW_2,LST1,LSX3,10_QST_1,10_QST_2
213,S100,100,A,SA,22,SAS_1_6,SAS_2_6,2_FST,3_NUM,4_CWR_1,4_CWR_2,5_RWR_1_30,5_RWR_2_30,6_PAR_1,6_PAR_2,7_PDW_1,7_PDW_2,LST1,LSX1,10_QST_1,10_QST_2
214,S102,102,A,SA,21,SAS_1_8,SAS_2_8,2_FST,3_NUM,4_CWR_1,4_CWR_2,5_RWR_1_32,5_RWR_2_32,6_PAR_1,6_PAR_2,7_PDW_1,7_PDW_2,LST1,LSX3,10_QST_1,10_QST_2
215,S103,103,A,SA,21,SAS_1_9,SAS_2_9,2_FST,3_NUM,4_CWR_1,4_CWR_2,5_RWR_1_33,5_RWR_2_33,6_PAR_1,6_PAR_2,7_PDW_1,7_PDW_2,LST1,LSX1,10_QST_1,10_QST_2
216,S105,105,A,SA,20,SAS_1_11,SAS_2_11,2_FST,3_NUM,4_CWR_1,4_CWR_2,5_RWR_1_35,5_RWR_2_35,6_PAR_1,6_PAR_2,7_PDW_1,7_PDW_2,LST1,LSX3,10_QST_1,10_QST_2
217,S106,106,A,SA,25,SAS_1_12,SAS_2_12,2_FST,3_NUM,4_CWR_1,4_CWR_2,5_RWR_1_1,5_RWR_2_1,6_PAR_1,6_PAR_2,7_PDW_1,7_PDW_2,LST1,LSX1,10_QST_1,10_QST_2
218,S107,107,A,SA,23,SAS_1_13,SAS_2_13,2_FST,3_NUM,4_CWR_1,4_CWR_2,5_RWR_1_2,5_RWR_2_2,6_PAR_1,6_PAR_2,7_PDW_1,7_PDW_2,LST1,LSX2,10_QST_1,10_QST_2
219,S108,108,A,SA,21,SAS_1_14,SAS_2_14,2_FST,3_NUM,4_CWR_1,4_CWR_2,5_RWR_1_3,5_RWR_2_3,6_PAR_1,6_PAR_2,7_PDW_1,7_PDW_2,LST1,LSX3,10_QST_1,10_QST_2
220,S109,109,A,SA,22,SAS_1_15,SAS_2_15,2_FST,3_NUM,4_CWR_1,4_CWR_2,5_RWR_1_4,5_RWR_2_4,6_PAR_1,6_PAR_2,7_PDW_1,7_PDW_2,LST1,LSX1,10_QST_1,10_QST_2
221,S110,110,A,SA,20,SAS_1_16,SAS_2_16,2_FST,3_NUM,4_CWR_1,4_CWR_2,5_RWR_1_5,5_RWR_2_5,6_PAR_1,6_PAR_2,7_PDW_1,7_PDW_2,LST1,LSX2,10_QST_1,10_QST_2
222,S111,111,A,SA,23,SAS_1_17,SAS_2_17,2_FST,3_NUM,4_CWR_1,4_CWR_2,5_RWR_1_6,5_RWR_2_6,6_PAR_1,6_PAR_2,7_PDW_1,7_PDW_2,LST1,LSX3,10_QST_1,10_QST_2
223,S112,112,A,SA,22,SAS_1_18,SAS_2_18,2_FST,3_NUM,4_CWR_1,4_CWR_2,5_RWR_1_7,5_RWR_2_7,6_PAR_1,6_PAR_2,7_PDW_1,7_PDW_2,LST1,LSX1,10_QST_1,10_QST_2
224,S113,113,A,SA,22,SAS_1_19,SAS_2_19,2_FST,3_NUM,4_CWR_1,4_CWR_2,5_RWR_1_8,5_RWR_2_8,6_PAR_1,6_PAR_2,7_PDW_1,7_PDW_2,LST1,LSX2,10_QST_1,10_QST_2
225,S114,114,A,SA,23,SAS_1_20,SAS_2_20,2_FST,3_NUM,4_CWR_1,4_CWR_2,5_RWR_1_9,5_RWR_2_9,6_PAR_1,6_PAR_2,7_PDW_1,7_PDW_2,LST1,LSX3,10_QST_1,10_QST_2
226,S115,115,A,SA,22,SAS_1_21,SAS_2_21,2_FST,3_NUM,4_CWR_1,4_CWR_2,5_RWR_1_10,5_RWR_2_10,6_PAR_1,6_PAR_2,7_PDW_1,7_PDW_2,LST1,LSX1,10_QST_1,10_QST_2
227,S116,116,A,SA,22,SAS_1_22,SAS_2_22,2_FST,3_NUM,4_CWR_1,4_CWR_2,5_RWR_1_11,5_RWR_2_11,6_PAR_1,6_PAR_2,7_PDW_1,7_PDW_2,LST1,LSX2,10_QST_1,10_QST_2
228,S117,117,A,SA,23,SAS_1_23,SAS_2_23,2_FST,3_NUM,4_CWR_1,4_CWR_2,5_RWR_1_12,5_RWR_2_12,6_PAR_1,6_PAR_2,7_PDW_1,7_PDW_2,LST1,LSX3,10_QST_1,10_QST_2
229,S118,118,A,SA,21,SAS_1_24,SAS_2_24,2_FST,3_NUM,4_CWR_1,4_CWR_2,5_RWR_1_13,5_RWR_2_13,6_PAR_1,6_PAR_2,7_PDW_1,7_PDW_2,LST1,LSX1,10_QST_1,10_QST_2
230,S119,119,A,SA,20,SAS_1_25,SAS_2_25,2_FST,3_NUM,4_CWR_1,4_CWR_2,5_RWR_1_14,5_RWR_2_14,6_PAR_1,6_PAR_2,7_PDW_1,7_PDW_2,LST1,LSX2,10_QST_1,10_QST_2
231,S120,120,A,SA,22,SAS_1_26,SAS_2_26,2_FST,3_NUM,4_CWR_1,4_CWR_2,5_RWR_1_15,5_RWR_2_15,6_PAR_1,6_PAR_2,7_PDW_1,7_PDW_2,LST1,LSX3,10_QST_1,10_QST_2
232,S122,122,A,SA,21,SAS_1_28,SAS_2_28,2_FST,3_NUM,4_CWR_1,4_CWR_2,5_RWR_1_17,5_RWR_2_17,6_PAR_1,6_PAR_2,7_PDW_1,7_PDW_2,LST1,LSX2,10_QST_1,10_QST_2
233,S123,123,A,SA,23,SAS_1_29,SAS_2_29,2_FST,3_NUM,4_CWR_1,4_CWR_2,5_RWR_1_18,5_RWR_2_18,6_PAR_1,6_PAR_2,7_PDW_1,7_PDW_2,LST1,LSX3,10_QST_1,10_QST_2
234,S124,124,A,SA,19,SAS_1_30,SAS_2_30,2_FST,3_NUM,4_CWR_1,4_CWR_2,5_RWR_1_19,5_RWR_2_19,6_PAR_1,6_PAR_2,7_PDW_1,7_PDW_2,LST1,LSX1,10_QST_1,10_QST_2
235,S125,125,A,SA,22,SAS_1_31,SAS_2_31,2_FST,3_NUM,4_CWR_1,4_CWR_2,5_RWR_1_20,5_RWR_2_20,6_PAR_1,6_PAR_2,7_PDW_1,7_PDW_2,LST1,LSX2,10_QST_1,10_QST_2
236,S126,126,A,SA,22,SAS_1_32,SAS_2_32,2_FST,3_NUM,4_CWR_1,4_CWR_2,5_RWR_1_21,5_RWR_2_21,6_PAR_1,6_PAR_2,7_PDW_1,7_PDW_2,LST1,LSX3,10_QST_1,10_QST_2
237,S127,127,A,SA,19,SAS_1_33,SAS_2_33,2_FST,3_NUM,4_CWR_1,4_CWR_2,5_RWR_1_22,5_RWR_2_22,6_PAR_1,6_PAR_2,7_PDW_1,7_PDW_2,LST1,LSX1,10_QST_1,10_QST_2
238,S128,128,A,SA,22,SAS_1_34,SAS_2_34,2_FST,3_NUM,4_CWR_1,4_CWR_2,5_RWR_1_23,5_RWR_2_23,6_PAR_1,6_PAR_2,7_PDW_1,7_PDW_2,LST1,LSX2,10_QST_1,10_QST_2
239,S129,129,A,SA,22,SAS_1_35,SAS_2_35,2_FST,3_NUM,4_CWR_1,4_CWR_2,5_RWR_1_24,5_RWR_2_24,6_PAR_1,6_PAR_2,7_PDW_1,7_PDW_2,LST1,LSX3,10_QST_1,10_QST_2
240,S130,130,A,SA,22,SAS_1_36,SAS_2_36,2_FST,3_NUM,4_CWR_1,4_CWR_2,5_RWR_1_25,5_RWR_2_25,6_PAR_1,6_PAR_2,7_PDW_1,7_PDW_2,LST1,LSX1,10_QST_1,10_QST_2
241,S131,131,A,SA,21,SAS_1_37,SAS_2_37,2_FST,3_NUM,4_CWR_1,4_CWR_2,5_RWR_1_26,5_RWR_2_26,6_PAR_1,6_PAR_2,7_PDW_1,7_PDW_2,LST1,LSX2,10_QST_1,10_QST_2
242,S132,132,A,SA,22,SAS_1_38,SAS_2_38,2_FST,3_NUM,4_CWR_1,4_CWR_2,5_RWR_1_27,5_RWR_2_27,6_PAR_1,6_PAR_2,7_PDW_1,7_PDW_2,LST1,LSX3,10_QST_1,10_QST_2
243,S133,133,A,SA,22,SAS_1_39,SAS_2_39,2_FST,3_NUM,4_CWR_1,4_CWR_2,5_RWR_1_28,5_RWR_2_28,6_PAR_1,6_PAR_2,7_PDW_1,7_PDW_2,LST1,LSX1,10_QST_1,10_QST_2
244,S134,134,A,SA,19,SAS_1_40,SAS_2_40,2_FST,3_NUM,4_CWR_1,4_CWR_2,5_RWR_1_29,5_RWR_2_29,6_PAR_1,6_PAR_2,7_PDW_1,7_PDW_2,LST1,LSX2,10_QST_1,10_QST_2
245,S135,135,A,SA,20,SAS_1_41,SAS_2_41,2_FST,3_NUM,4_CWR_1,4_CWR_2,5_RWR_1_30,5_RWR_2_30,6_PAR_1,6_PAR_2,7_PDW_1,7_PDW_2,LST1,LSX3,10_QST_1,10_QST_2
246,S136,136,A,SA,22,SAS_1_42,SAS_2_42,2_FST,3_NUM,4_CWR_1,4_CWR_2,5_RWR_1_31,5_RWR_2_31,6_PAR_1,6_PAR_2,7_PDW_1,7_PDW_2,LST1,LSX1,10_QST_1,10_QST_2
247,S137,137,A,SA,20,SAS_1_43,SAS_2_43,2_FST,3_NUM,4_CWR_1,4_CWR_2,5_RWR_1_32,5_RWR_2_32,6_PAR_1,6_PAR_2,7_PDW_1,7_PDW_2,LST1,LSX2,10_QST_1,10_QST_2
248,S138,138,A,SA,22,SAS_1_44,SAS_2_44,2_FST,3_NUM,4_CWR_1,4_CWR_2,5_RWR_1_33,5_RWR_2_33,6_PAR_1,6_PAR_2,7_PDW_1,7_PDW_2,LST1,LSX3,10_QST_1,10_QST_2
249,S139,139,A,SA,21,SAS_1_45,SAS_2_45,2_FST,3_NUM,4_CWR_1,4_CWR_2,5_RWR_1_34,5_RWR_2_34,6_PAR_1,6_PAR_2,7_PDW_1,7_PDW_2,LST1,LSX1,10_QST_1,10_QST_2
250,S140,140,A,SA,19,SAS_1_46,SAS_2_46,2_FST,3_NUM,4_CWR_1,4_CWR_2,5_RWR_1_35,5_RWR_2_35,6_PAR_1,6_PAR_2,7_PDW_1,7_PDW_2,LST1,LSX2,10_QST_1,10_QST_2
251,S141,141,A,SA,22,SAS_1_47,SAS_2_47,2_FST,3_NUM,4_CWR_1,4_CWR_2,5_RWR_1_1,5_RWR_2_1,6_PAR_1,6_PAR_2,7_PDW_1,7_PDW_2,LST1,LSX3,10_QST_1,10_QST_2
252,S142,142,A,SA,23,SAS_1_1,SAS_2_1,2_FST,3_NUM,4_CWR_1,4_CWR_2,5_RWR_1_2,5_RWR_2_2,6_PAR_1,6_PAR_2,7_PDW_1,7_PDW_2,LST1,LSX1,10_QST_1,10_QST_2
253,S143,143,A,SA,24,SAS_1_2,SAS_2_2,2_FST,3_NUM,4_CWR_1,4_CWR_2,5_RWR_1_3,5_RWR_2_3,6_PAR_1,6_PAR_2,7_PDW_1,7_PDW_2,LST1,LSX2,10_QST_1,10_QST_2
254,S144,144,A,SA,22,SAS_1_3,SAS_2_3,2_FST,3_NUM,4_CWR_1,4_CWR_2,5_RWR_1_4,5_RWR_2_4,6_PAR_1,6_PAR_2,7_PDW_1,7_PDW_2,LST1,LSX3,10_QST_1,10_QST_2
255,S145,145,A,SA,24,SAS_1_4,SAS_2_4,2_FST,3_NUM,4_CWR_1,4_CWR_2,5_RWR_1_5,5_RWR_2_5,6_PAR_1,6_PAR_2,7_PDW_1,7_PDW_2,LST1,LSX1,10_QST_1,10_QST_2
256,S146,146,A,SA,25,SAS_1_5,SAS_2_5,2_FST,3_NUM,4_CWR_1,4_CWR_2,5_RWR_1_6,5_RWR_2_6,6_PAR_1,6_PAR_2,7_PDW_1,7_PDW_2,LST1,LSX2,10_QST_1,10_QST_2
257,S147,147,A,SA,21,SAS_1_6,SAS_2_6,2_FST,3_NUM,4_CWR_1,4_CWR_2,5_RWR_1_7,5_RWR_2_7,6_PAR_1,6_PAR_2,7_PDW_1,7_PDW_2,LST1,LSX3,10_QST_1,10_QST_2
258,S148,148,A,SA,20,SAS_1_7,SAS_2_7,2_FST,3_NUM,4_CWR_1,4_CWR_2,5_RWR_1_8,5_RWR_2_8,6_PAR_1,6_PAR_2,7_PDW_1,7_PDW_2,LST1,LSX1,10_QST_1,10_QST_2
259,S149,149,A,SA,19,SAS_1_8,SAS_2_8,2_FST,3_NUM,4_CWR_1,4_CWR_2,5_RWR_1_9,5_RWR_2_9,6_PAR_1,6_PAR_2,7_PDW_1,7_PDW_2,LST1,LSX2,10_QST_1,10_QST_2
260,S150,150,A,SA,21,SAS_1_9,SAS_2_9,2_FST,3_NUM,4_CWR_1,4_CWR_2,5_RWR_1_10,5_RWR_2_10,6_PAR_1,6_PAR_2,7_PDW_1,7_PDW_2,LST1,LSX3,10_QST_1,10_QST_2
261,S151,151,A,SA,20,SAS_1_10,SAS_2_10,2_FST,3_NUM,4_CWR_1,4_CWR_2,5_RWR_1_11,5_RWR_2_11,6_PAR_1,6_PAR_2,7_PDW_1,7_PDW_2,LST1,LSX1,10_QST_1,10_QST_2
262,S152,152,A,SA,21,SAS_1_11,SAS_2_11,2_FST,3_NUM,4_CWR_1,4_CWR_2,5_RWR_1_12,5_RWR_2_12,6_PAR_1,6_PAR_2,7_PDW_1,7_PDW_2,LST1,LSX2,10_QST_1,10_QST_2
263,S153,153,A,SA,24,SAS_1_12,SAS_2_12,2_FST,3_NUM,4_CWR_1,4_CWR_2,5_RWR_1_13,5_RWR_2_13,6_PAR_1,6_PAR_2,7_PDW_1,7_PDW_2,LST1,LSX3,10_QST_1,10_QST_2
264,S154,154,A,SA,21,SAS_1_13,SAS_2_13,2_FST,3_NUM,4_CWR_1,4_CWR_2,5_RWR_1_14,5_RWR_2_14,6_PAR_1,6_PAR_2,7_PDW_1,7_PDW_2,LST1,LSX1,10_QST_1,10_QST_2
265,S155,155,A,SA,20,SAS_1_14,SAS_2_14,2_FST,3_NUM,4_CWR_1,4_CWR_2,5_RWR_1_15,5_RWR_2_15,6_PAR_1,6_PAR_2,7_PDW_1,7_PDW_2,LST1,LSX2,10_QST_1,10_QST_2
266,S351,351,A,SA,57,SAS_1_22,SAS_2_22,2_FST,3_NUM,4_CWR_1,4_CWR_2,5_RWR_1_1,5_RWR_2_1,6_PAR_1,6_PAR_2,7_PDW_1,7_PDW_2,LST1,LSX3,10_QST_1,10_QST_2
